Workbook

Sheet Notas
A1: Datos intradía - Actividad Clase 3 (Regresión Simple y Múltiple)
A3: Fuente | B3: Refinitiv Workspace (LSEG), Price History, campo Close. Descargado el 10-oct-2026.
A4: Periodo | B4: 8 y 9 de octubre de 2026, sesión regular 7:30-14:00 hora de Monterrey (9:30-16:00 hora de Nueva York).
A5: Hora | B5: Fecha_hora en hora de Monterrey (UTC-6). Cada vela se etiqueta con su hora de cierre: la primera vela de 1 min es 7:31 y la de 5 min es 7:35.
A6: Observaciones | B6: 1 min: 390 velas por día (780 en total). 5 min: 78 velas por día (156 en total).
A7: Excluido | B7: Pre-market y after-hours.
A8: Velas sin operación | B8: Si un ticker no registró operación en un minuto, se repite el último precio de ese mismo día (rendimiento = 0). Nunca se rellena con el precio del día anterior.
A9: Velas rellenadas 1 min | B9: LLY 140, DUK 155, UNH 32, XLU 36, NEE 35, VST 22; resto 0. Corresponden a RICs listados en NYSE (.N/.P). En 5 min no hubo velas faltantes.
A10: Rendimientos | B10: Hojas Rend_: rendimiento simple = P(t)/P(t-1) - 1. La primera vela de cada día queda vacía para excluir el salto entre el cierre del 8 y la apertura del 9.
A11: Modelos | B11: SMH ~ NVDA + AVGO + AMD + MU | XLV ~ LLY + UNH + ISRG + VRTX | XLU ~ DUK + NEE + CEG + VST
A12: Nota | B12: Los mutual funds FSELX, FSPHX y FSUTX no tienen precios intradía (NAV una vez al día); se usan los ETF sectoriales SMH, XLV y XLU como variable dependiente.

Sheet Precios_1min
A1: Fecha_hora | B1: SMH | C1: NVDA | D1: AVGO | E1: AMD | F1: MU | G1: XLV | H1: LLY | I1: UNH | J1: ISRG | K1: VRTX | L1: XLU | M1: DUK | N1: NEE | O1: CEG | P1: VST
A2: 46303.313 | B2: 614.77 | C2: 234.24 | D2: 370.8 | E2: 638.78 | F2: 1077.61 | G2: 168.21 | H2: 1180.4 | I2: 374.21 | J2: 410.51 | K2: 501 | L2: 41.1 | M2: 115.7 | N2: 77.2 | O2: 294.1401 | P2: 164
A3: 46303.314 | B3: 614.9254 | C3: 234.04 | D3: 369.975 | E3: 636.2852 | F3: 1082.32 | G3: 168.13 | H3: 1178.155 | I3: 373.71 | J3: 410.085 | K3: 503.18 | L3: 41.1 | M3: 115.56 | N3: 77.16 | O3: 295.28 | P3: 164.52
A4: 46303.315 | B4: 615.5 | C4: 234.3929 | D4: 369.91 | E4: 634.32 | F4: 1080.41 | G4: 167.85 | H4: 1173.2 | I4: 372.905 | J4: 410.5279 | K4: 502.2802 | L4: 41.14 | M4: 115.56 | N4: 77.25 | O4: 296.782 | P4: 165.05
A5: 46303.315 | B5: 615.87 | C5: 234.6528 | D5: 368.98 | E5: 634.7076 | F5: 1084.1964 | G5: 167.825 | H5: 1172.9 | I5: 372.51 | J5: 412.7101 | K5: 503.486 | L5: 41.1 | M5: 115.56 | N5: 77.27 | O5: 296.38 | P5: 165
A6: 46303.316 | B6: 616.6988 | C6: 234.525 | D6: 370.215 | E6: 637.125 | F6: 1084.5 | G6: 167.745 | H6: 1171.07 | I6: 372.905 | J6: 412.93 | K6: 501.935 | L6: 41.07 | M6: 115.56 | N6: 77.15 | O6: 295.57 | P6: 164.79
A7: 46303.317 | B7: 615.685 | C7: 234.1472 | D7: 369.36 | E7: 634.45 | F7: 1074.58 | G7: 167.55 | H7: 1170.8 | I7: 372.98 | J7: 413.4288 | K7: 502.8 | L7: 41.085 | M7: 115.52 | N7: 77.17 | O7: 295.26 | P7: 164.62
A8: 46303.317 | B8: 616.43 | C8: 234.4463 | D8: 369.525 | E8: 635.2447 | F8: 1078.4222 | G8: 167.305 | H8: 1168 | I8: 372.33 | J8: 412.635 | K8: 502.6888 | L8: 41.03 | M8: 115.64 | N8: 77.11 | O8: 294.71 | P8: 164.21
A9: 46303.318 | B9: 616.04 | C9: 234.4398 | D9: 368.66 | E9: 634.58 | F9: 1075.925 | G9: 167.22 | H9: 1167.55 | I9: 373.28 | J9: 413.0999 | K9: 500.936 | L9: 41.05 | M9: 115.64 | N9: 77.11 | O9: 296.76 | P9: 164.8
A10: 46303.319 | B10: 616.055 | C10: 234.384 | D10: 368.7 | E10: 634.578 | F10: 1076.356 | G10: 167.27 | H10: 1167.625 | I10: 373.39 | J10: 412.848 | K10: 500.52 | L10: 41.11 | M10: 115.53 | N10: 77.215 | O10: 297.9037 | P10: 165.38
A11: 46303.319 | B11: 616.3916 | C11: 234.65 | D11: 369.79 | E11: 634.76 | F11: 1075.47 | G11: 167.18 | H11: 1166.13 | I11: 373.2 | J11: 412.635 | K11: 499.6399 | L11: 41.145 | M11: 115.66 | N11: 77.28 | O11: 298.8 | P11: 165.66
A12: 46303.32 | B12: 615.145 | C12: 234.523 | D12: 368.79 | E12: 633.04 | F12: 1074.8177 | G12: 167.3 | H12: 1167.54 | I12: 373.68 | J12: 412.925 | K12: 500.73 | L12: 41.19 | M12: 115.67 | N12: 77.34 | O12: 299.675 | P12: 166
A13: 46303.321 | B13: 615.252 | C13: 234.17 | D13: 368.9 | E13: 633.575 | F13: 1073.74 | G13: 167.31 | H13: 1170 | I13: 373.2 | J13: 412.7574 | K13: 501.84 | L13: 41.19 | M13: 115.74 | N13: 77.34 | O13: 299.235 | P13: 165.54
... A781: 46304.583 | B781: 603.2798 | C781: 229.35 | D781: 361.49 | E781: 607.94 | F781: 1028.79 | G781: 170.765 | H781: 1178.61 | I781: 379.48 | J781: 423.98 | K781: 509.98 | L781: 41.39 | M781: 116.66 | N781: 77.37 | O781: 298.1 | P781: 161.46

Sheet Rend_1min
A1: Fecha_hora | B1: SMH | C1: NVDA | D1: AVGO | E1: AMD | F1: MU | G1: XLV | H1: LLY | I1: UNH | J1: ISRG | K1: VRTX | L1: XLU | M1: DUK | N1: NEE | O1: CEG | P1: VST
A2: =Precios_1min!A2 -> 46303.313
A3: =Precios_1min!A3 -> 46303.314 | B3: =IF(INT(Precios_1min!$A3)<>INT(Precios_1min!$A2),"",Precios_1min!B3/Precios_1min!B2-1) -> 0.00025277746 | C3: =IF(INT(Precios_1min!$A3)<>INT(Precios_1min!$A2),"",Precios_1min!C3/Precios_1min!C2-1) -> -0.00085382514 | D3: =IF(INT(Precios_1min!$A3)<>INT(Precios_1min!$A2),"",Precios_1min!D3/Precios_1min!D2-1) -> -0.0022249191 | E3: =IF(INT(Precios_1min!$A3)<>INT(Precios_1min!$A2),"",Precios_1min!E3/Precios_1min!E2-1) -> -0.00390557 | F3: =IF(INT(Precios_1min!$A3)<>INT(Precios_1min!$A2),"",Precios_1min!F3/Precios_1min!F2-1) -> 0.0043707835 | G3: =IF(INT(Precios_1min!$A3)<>INT(Precios_1min!$A2),"",Precios_1min!G3/Precios_1min!G2-1) -> -0.00047559598 | H3: =IF(INT(Precios_1min!$A3)<>INT(Precios_1min!$A2),"",Precios_1min!H3/Precios_1min!H2-1) -> -0.0019018977 | I3: =IF(INT(Precios_1min!$A3)<>INT(Precios_1min!$A2),"",Precios_1min!I3/Precios_1min!I2-1) -> -0.0013361482 | ... P3: =IF(INT(Precios_1min!$A3)<>INT(Precios_1min!$A2),"",Precios_1min!P3/Precios_1min!P2-1) -> 0.0031707317
A4: =Precios_1min!A4 -> 46303.315 | B4: =IF(INT(Precios_1min!$A4)<>INT(Precios_1min!$A3),"",Precios_1min!B4/Precios_1min!B3-1) -> 0.00093442229 | C4: =IF(INT(Precios_1min!$A4)<>INT(Precios_1min!$A3),"",Precios_1min!C4/Precios_1min!C3-1) -> 0.0015078619 | D4: =IF(INT(Precios_1min!$A4)<>INT(Precios_1min!$A3),"",Precios_1min!D4/Precios_1min!D3-1) -> -0.00017568755 | E4: =IF(INT(Precios_1min!$A4)<>INT(Precios_1min!$A3),"",Precios_1min!E4/Precios_1min!E3-1) -> -0.0030885521 | F4: =IF(INT(Precios_1min!$A4)<>INT(Precios_1min!$A3),"",Precios_1min!F4/Precios_1min!F3-1) -> -0.0017647276 | G4: =IF(INT(Precios_1min!$A4)<>INT(Precios_1min!$A3),"",Precios_1min!G4/Precios_1min!G3-1) -> -0.001665378 | H4: =IF(INT(Precios_1min!$A4)<>INT(Precios_1min!$A3),"",Precios_1min!H4/Precios_1min!H3-1) -> -0.0042057284 | I4: =IF(INT(Precios_1min!$A4)<>INT(Precios_1min!$A3),"",Precios_1min!I4/Precios_1min!I3-1) -> -0.0021540767 | ... P4: =IF(INT(Precios_1min!$A4)<>INT(Precios_1min!$A3),"",Precios_1min!P4/Precios_1min!P3-1) -> 0.0032214928
A5: =Precios_1min!A5 -> 46303.315 | B5: =IF(INT(Precios_1min!$A5)<>INT(Precios_1min!$A4),"",Precios_1min!B5/Precios_1min!B4-1) -> 0.00060113729 | C5: =IF(INT(Precios_1min!$A5)<>INT(Precios_1min!$A4),"",Precios_1min!C5/Precios_1min!C4-1) -> 0.001108822 | D5: =IF(INT(Precios_1min!$A5)<>INT(Precios_1min!$A4),"",Precios_1min!D5/Precios_1min!D4-1) -> -0.0025141251 | E5: =IF(INT(Precios_1min!$A5)<>INT(Precios_1min!$A4),"",Precios_1min!E5/Precios_1min!E4-1) -> 0.00061104805 | F5: =IF(INT(Precios_1min!$A5)<>INT(Precios_1min!$A4),"",Precios_1min!F5/Precios_1min!F4-1) -> 0.0035045955 | G5: =IF(INT(Precios_1min!$A5)<>INT(Precios_1min!$A4),"",Precios_1min!G5/Precios_1min!G4-1) -> -0.00014894251 | H5: =IF(INT(Precios_1min!$A5)<>INT(Precios_1min!$A4),"",Precios_1min!H5/Precios_1min!H4-1) -> -0.00025571088 | I5: =IF(INT(Precios_1min!$A5)<>INT(Precios_1min!$A4),"",Precios_1min!I5/Precios_1min!I4-1) -> -0.001059251 | ... P5: =IF(INT(Precios_1min!$A5)<>INT(Precios_1min!$A4),"",Precios_1min!P5/Precios_1min!P4-1) -> -0.0003029385
A6: =Precios_1min!A6 -> 46303.316 | B6: =IF(INT(Precios_1min!$A6)<>INT(Precios_1min!$A5),"",Precios_1min!B6/Precios_1min!B5-1) -> 0.0013457385 | C6: =IF(INT(Precios_1min!$A6)<>INT(Precios_1min!$A5),"",Precios_1min!C6/Precios_1min!C5-1) -> -0.00054463446 | D6: =IF(INT(Precios_1min!$A6)<>INT(Precios_1min!$A5),"",Precios_1min!D6/Precios_1min!D5-1) -> 0.0033470649 | E6: =IF(INT(Precios_1min!$A6)<>INT(Precios_1min!$A5),"",Precios_1min!E6/Precios_1min!E5-1) -> 0.0038086829 | F6: =IF(INT(Precios_1min!$A6)<>INT(Precios_1min!$A5),"",Precios_1min!F6/Precios_1min!F5-1) -> 0.00028002307 | G6: =IF(INT(Precios_1min!$A6)<>INT(Precios_1min!$A5),"",Precios_1min!G6/Precios_1min!G5-1) -> -0.00047668703 | H6: =IF(INT(Precios_1min!$A6)<>INT(Precios_1min!$A5),"",Precios_1min!H6/Precios_1min!H5-1) -> -0.0015602353 | I6: =IF(INT(Precios_1min!$A6)<>INT(Precios_1min!$A5),"",Precios_1min!I6/Precios_1min!I5-1) -> 0.0010603742 | ... P6: =IF(INT(Precios_1min!$A6)<>INT(Precios_1min!$A5),"",Precios_1min!P6/Precios_1min!P5-1) -> -0.0012727273
A7: =Precios_1min!A7 -> 46303.317 | B7: =IF(INT(Precios_1min!$A7)<>INT(Precios_1min!$A6),"",Precios_1min!B7/Precios_1min!B6-1) -> -0.0016439143 | C7: =IF(INT(Precios_1min!$A7)<>INT(Precios_1min!$A6),"",Precios_1min!C7/Precios_1min!C6-1) -> -0.0016109157 | D7: =IF(INT(Precios_1min!$A7)<>INT(Precios_1min!$A6),"",Precios_1min!D7/Precios_1min!D6-1) -> -0.0023094688 | E7: =IF(INT(Precios_1min!$A7)<>INT(Precios_1min!$A6),"",Precios_1min!E7/Precios_1min!E6-1) -> -0.0041985482 | F7: =IF(INT(Precios_1min!$A7)<>INT(Precios_1min!$A6),"",Precios_1min!F7/Precios_1min!F6-1) -> -0.0091470724 | G7: =IF(INT(Precios_1min!$A7)<>INT(Precios_1min!$A6),"",Precios_1min!G7/Precios_1min!G6-1) -> -0.0011624788 | H7: =IF(INT(Precios_1min!$A7)<>INT(Precios_1min!$A6),"",Precios_1min!H7/Precios_1min!H6-1) -> -0.00023055838 | I7: =IF(INT(Precios_1min!$A7)<>INT(Precios_1min!$A6),"",Precios_1min!I7/Precios_1min!I6-1) -> 0.00020112361 | ... P7: =IF(INT(Precios_1min!$A7)<>INT(Precios_1min!$A6),"",Precios_1min!P7/Precios_1min!P6-1) -> -0.001031616
A8: =Precios_1min!A8 -> 46303.317 | B8: =IF(INT(Precios_1min!$A8)<>INT(Precios_1min!$A7),"",Precios_1min!B8/Precios_1min!B7-1) -> 0.0012100344 | C8: =IF(INT(Precios_1min!$A8)<>INT(Precios_1min!$A7),"",Precios_1min!C8/Precios_1min!C7-1) -> 0.0012774016 | D8: =IF(INT(Precios_1min!$A8)<>INT(Precios_1min!$A7),"",Precios_1min!D8/Precios_1min!D7-1) -> 0.00044671865 | E8: =IF(INT(Precios_1min!$A8)<>INT(Precios_1min!$A7),"",Precios_1min!E8/Precios_1min!E7-1) -> 0.001252581 | F8: =IF(INT(Precios_1min!$A8)<>INT(Precios_1min!$A7),"",Precios_1min!F8/Precios_1min!F7-1) -> 0.0035755365 | G8: =IF(INT(Precios_1min!$A8)<>INT(Precios_1min!$A7),"",Precios_1min!G8/Precios_1min!G7-1) -> -0.0014622501 | H8: =IF(INT(Precios_1min!$A8)<>INT(Precios_1min!$A7),"",Precios_1min!H8/Precios_1min!H7-1) -> -0.0023915272 | I8: =IF(INT(Precios_1min!$A8)<>INT(Precios_1min!$A7),"",Precios_1min!I8/Precios_1min!I7-1) -> -0.0017427208 | ... P8: =IF(INT(Precios_1min!$A8)<>INT(Precios_1min!$A7),"",Precios_1min!P8/Precios_1min!P7-1) -> -0.0024905844
A9: =Precios_1min!A9 -> 46303.318 | B9: =IF(INT(Precios_1min!$A9)<>INT(Precios_1min!$A8),"",Precios_1min!B9/Precios_1min!B8-1) -> -0.00063267524 | C9: =IF(INT(Precios_1min!$A9)<>INT(Precios_1min!$A8),"",Precios_1min!C9/Precios_1min!C8-1) -> -2.7724899e-05 | D9: =IF(INT(Precios_1min!$A9)<>INT(Precios_1min!$A8),"",Precios_1min!D9/Precios_1min!D8-1) -> -0.002340843 | E9: =IF(INT(Precios_1min!$A9)<>INT(Precios_1min!$A8),"",Precios_1min!E9/Precios_1min!E8-1) -> -0.0010463684 | F9: =IF(INT(Precios_1min!$A9)<>INT(Precios_1min!$A8),"",Precios_1min!F9/Precios_1min!F8-1) -> -0.0023156051 | G9: =IF(INT(Precios_1min!$A9)<>INT(Precios_1min!$A8),"",Precios_1min!G9/Precios_1min!G8-1) -> -0.00050805415 | H9: =IF(INT(Precios_1min!$A9)<>INT(Precios_1min!$A8),"",Precios_1min!H9/Precios_1min!H8-1) -> -0.00038527397 | I9: =IF(INT(Precios_1min!$A9)<>INT(Precios_1min!$A8),"",Precios_1min!I9/Precios_1min!I8-1) -> 0.0025515 | ... P9: =IF(INT(Precios_1min!$A9)<>INT(Precios_1min!$A8),"",Precios_1min!P9/Precios_1min!P8-1) -> 0.0035929602
A10: =Precios_1min!A10 -> 46303.319 | B10: =IF(INT(Precios_1min!$A10)<>INT(Precios_1min!$A9),"",Precios_1min!B10/Precios_1min!B9-1) -> 2.4349068e-05 | C10: =IF(INT(Precios_1min!$A10)<>INT(Precios_1min!$A9),"",Precios_1min!C10/Precios_1min!C9-1) -> -0.00023801419 | D10: =IF(INT(Precios_1min!$A10)<>INT(Precios_1min!$A9),"",Precios_1min!D10/Precios_1min!D9-1) -> 0.00010850106 | E10: =IF(INT(Precios_1min!$A10)<>INT(Precios_1min!$A9),"",Precios_1min!E10/Precios_1min!E9-1) -> -3.1516909e-06 | F10: =IF(INT(Precios_1min!$A10)<>INT(Precios_1min!$A9),"",Precios_1min!F10/Precios_1min!F9-1) -> 0.00040058554 | G10: =IF(INT(Precios_1min!$A10)<>INT(Precios_1min!$A9),"",Precios_1min!G10/Precios_1min!G9-1) -> 0.0002990073 | H10: =IF(INT(Precios_1min!$A10)<>INT(Precios_1min!$A9),"",Precios_1min!H10/Precios_1min!H9-1) -> 6.4237078e-05 | I10: =IF(INT(Precios_1min!$A10)<>INT(Precios_1min!$A9),"",Precios_1min!I10/Precios_1min!I9-1) -> 0.00029468495 | ... P10: =IF(INT(Precios_1min!$A10)<>INT(Precios_1min!$A9),"",Precios_1min!P10/Precios_1min!P9-1) -> 0.0035194175
A11: =Precios_1min!A11 -> 46303.319 | B11: =IF(INT(Precios_1min!$A11)<>INT(Precios_1min!$A10),"",Precios_1min!B11/Precios_1min!B10-1) -> 0.00054637979 | C11: =IF(INT(Precios_1min!$A11)<>INT(Precios_1min!$A10),"",Precios_1min!C11/Precios_1min!C10-1) -> 0.0011348898 | D11: =IF(INT(Precios_1min!$A11)<>INT(Precios_1min!$A10),"",Precios_1min!D11/Precios_1min!D10-1) -> 0.0029563331 | E11: =IF(INT(Precios_1min!$A11)<>INT(Precios_1min!$A10),"",Precios_1min!E11/Precios_1min!E10-1) -> 0.00028680477 | F11: =IF(INT(Precios_1min!$A11)<>INT(Precios_1min!$A10),"",Precios_1min!F11/Precios_1min!F10-1) -> -0.00082314773 | G11: =IF(INT(Precios_1min!$A11)<>INT(Precios_1min!$A10),"",Precios_1min!G11/Precios_1min!G10-1) -> -0.00053805225 | H11: =IF(INT(Precios_1min!$A11)<>INT(Precios_1min!$A10),"",Precios_1min!H11/Precios_1min!H10-1) -> -0.0012803768 | I11: =IF(INT(Precios_1min!$A11)<>INT(Precios_1min!$A10),"",Precios_1min!I11/Precios_1min!I10-1) -> -0.00050885134 | ... P11: =IF(INT(Precios_1min!$A11)<>INT(Precios_1min!$A10),"",Precios_1min!P11/Precios_1min!P10-1) -> 0.0016930705
A12: =Precios_1min!A12 -> 46303.32 | B12: =IF(INT(Precios_1min!$A12)<>INT(Precios_1min!$A11),"",Precios_1min!B12/Precios_1min!B11-1) -> -0.0020224156 | C12: =IF(INT(Precios_1min!$A12)<>INT(Precios_1min!$A11),"",Precios_1min!C12/Precios_1min!C11-1) -> -0.00054123162 | D12: =IF(INT(Precios_1min!$A12)<>INT(Precios_1min!$A11),"",Precios_1min!D12/Precios_1min!D11-1) -> -0.0027042375 | E12: =IF(INT(Precios_1min!$A12)<>INT(Precios_1min!$A11),"",Precios_1min!E12/Precios_1min!E11-1) -> -0.0027096856 | F12: =IF(INT(Precios_1min!$A12)<>INT(Precios_1min!$A11),"",Precios_1min!F12/Precios_1min!F11-1) -> -0.00060652552 | G12: =IF(INT(Precios_1min!$A12)<>INT(Precios_1min!$A11),"",Precios_1min!G12/Precios_1min!G11-1) -> 0.00071778921 | H12: =IF(INT(Precios_1min!$A12)<>INT(Precios_1min!$A11),"",Precios_1min!H12/Precios_1min!H11-1) -> 0.0012091276 | I12: =IF(INT(Precios_1min!$A12)<>INT(Precios_1min!$A11),"",Precios_1min!I12/Precios_1min!I11-1) -> 0.0012861736 | ... P12: =IF(INT(Precios_1min!$A12)<>INT(Precios_1min!$A11),"",Precios_1min!P12/Precios_1min!P11-1) -> 0.0020523965
A13: =Precios_1min!A13 -> 46303.321 | B13: =IF(INT(Precios_1min!$A13)<>INT(Precios_1min!$A12),"",Precios_1min!B13/Precios_1min!B12-1) -> 0.00017394273 | C13: =IF(INT(Precios_1min!$A13)<>INT(Precios_1min!$A12),"",Precios_1min!C13/Precios_1min!C12-1) -> -0.0015051829 | D13: =IF(INT(Precios_1min!$A13)<>INT(Precios_1min!$A12),"",Precios_1min!D13/Precios_1min!D12-1) -> 0.00029827273 | E13: =IF(INT(Precios_1min!$A13)<>INT(Precios_1min!$A12),"",Precios_1min!E13/Precios_1min!E12-1) -> 0.00084512827 | F13: =IF(INT(Precios_1min!$A13)<>INT(Precios_1min!$A12),"",Precios_1min!F13/Precios_1min!F12-1) -> -0.0010026817 | G13: =IF(INT(Precios_1min!$A13)<>INT(Precios_1min!$A12),"",Precios_1min!G13/Precios_1min!G12-1) -> 5.9772863e-05 | H13: =IF(INT(Precios_1min!$A13)<>INT(Precios_1min!$A12),"",Precios_1min!H13/Precios_1min!H12-1) -> 0.0021069942 | I13: =IF(INT(Precios_1min!$A13)<>INT(Precios_1min!$A12),"",Precios_1min!I13/Precios_1min!I12-1) -> -0.0012845215 | ... P13: =IF(INT(Precios_1min!$A13)<>INT(Precios_1min!$A12),"",Precios_1min!P13/Precios_1min!P12-1) -> -0.0027710843
A14: =Precios_1min!A14 -> 46303.322 | B14: =IF(INT(Precios_1min!$A14)<>INT(Precios_1min!$A13),"",Precios_1min!B14/Precios_1min!B13-1) -> -0.0011930071 | C14: =IF(INT(Precios_1min!$A14)<>INT(Precios_1min!$A13),"",Precios_1min!C14/Precios_1min!C13-1) -> -0.0006832643 | D14: =IF(INT(Precios_1min!$A14)<>INT(Precios_1min!$A13),"",Precios_1min!D14/Precios_1min!D13-1) -> -0.0023312551 | E14: =IF(INT(Precios_1min!$A14)<>INT(Precios_1min!$A13),"",Precios_1min!E14/Precios_1min!E13-1) -> -0.00056189086 | F14: =IF(INT(Precios_1min!$A14)<>INT(Precios_1min!$A13),"",Precios_1min!F14/Precios_1min!F13-1) -> -0.0021327323 | G14: =IF(INT(Precios_1min!$A14)<>INT(Precios_1min!$A13),"",Precios_1min!G14/Precios_1min!G13-1) -> -0.0019425019 | H14: =IF(INT(Precios_1min!$A14)<>INT(Precios_1min!$A13),"",Precios_1min!H14/Precios_1min!H13-1) -> -0.0042735043 | I14: =IF(INT(Precios_1min!$A14)<>INT(Precios_1min!$A13),"",Precios_1min!I14/Precios_1min!I13-1) -> 0.0001607717 | ... P14: =IF(INT(Precios_1min!$A14)<>INT(Precios_1min!$A13),"",Precios_1min!P14/Precios_1min!P13-1) -> 0.0024163344
... A781: =Precios_1min!A781 -> 46304.583 | B781: =IF(INT(Precios_1min!$A781)<>INT(Precios_1min!$A780),"",Precios_1min!B781/Precios_1min!B780-1) -> -0.00011635038 | C781: =IF(INT(Precios_1min!$A781)<>INT(Precios_1min!$A780),"",Precios_1min!C781/Precios_1min!C780-1) -> -0.0003704753 | D781: =IF(INT(Precios_1min!$A781)<>INT(Precios_1min!$A780),"",Precios_1min!D781/Precios_1min!D780-1) -> -0.00011064089 | E781: =IF(INT(Precios_1min!$A781)<>INT(Precios_1min!$A780),"",Precios_1min!E781/Precios_1min!E780-1) -> 2.4674096e-05 | F781: =IF(INT(Precios_1min!$A781)<>INT(Precios_1min!$A780),"",Precios_1min!F781/Precios_1min!F780-1) -> -0.00087404947 | G781: =IF(INT(Precios_1min!$A781)<>INT(Precios_1min!$A780),"",Precios_1min!G781/Precios_1min!G780-1) -> 2.9280862e-05 | H781: =IF(INT(Precios_1min!$A781)<>INT(Precios_1min!$A780),"",Precios_1min!H781/Precios_1min!H780-1) -> 0.0007811903 | I781: =IF(INT(Precios_1min!$A781)<>INT(Precios_1min!$A780),"",Precios_1min!I781/Precios_1min!I780-1) -> 0.0019273927 | ... P781: =IF(INT(Precios_1min!$A781)<>INT(Precios_1min!$A780),"",Precios_1min!P781/Precios_1min!P780-1) -> -0.0019163009

Sheet Precios_5min
A1: Fecha_hora | B1: SMH | C1: NVDA | D1: AVGO | E1: AMD | F1: MU | G1: XLV | H1: LLY | I1: UNH | J1: ISRG | K1: VRTX | L1: XLU | M1: DUK | N1: NEE | O1: CEG | P1: VST
A2: 46303.316 | B2: 616.6988 | C2: 234.525 | D2: 370.215 | E2: 637.125 | F2: 1084.5 | G2: 167.745 | H2: 1171.07 | I2: 372.905 | J2: 412.93 | K2: 501.935 | L2: 41.07 | M2: 115.56 | N2: 77.15 | O2: 295.57 | P2: 164.79
A3: 46303.319 | B3: 616.3916 | C3: 234.65 | D3: 369.79 | E3: 634.76 | F3: 1075.47 | G3: 167.18 | H3: 1166.13 | I3: 373.2 | J3: 412.635 | K3: 499.6399 | L3: 41.145 | M3: 115.66 | N3: 77.28 | O3: 298.8 | P3: 165.66
A4: 46303.323 | B4: 615.35 | C4: 234.2855 | D4: 368.404 | E4: 635.21 | F4: 1072.48 | G4: 167.1 | H4: 1163.07 | I4: 373.535 | J4: 413.425 | K4: 499.9882 | L4: 41.26 | M4: 115.84 | N4: 77.43 | O4: 302.385 | P4: 166.39
A5: 46303.326 | B5: 615.3 | C5: 234.35 | D5: 367.88 | E5: 635.055 | F5: 1075.13 | G5: 167.45 | H5: 1168.43 | I5: 374.75 | J5: 409.92 | K5: 505.15 | L5: 41.34 | M5: 115.9 | N5: 77.5 | O5: 306.641 | P5: 168.5
A6: 46303.33 | B6: 612.5 | C6: 233.95 | D6: 366.5313 | E6: 633.26 | F6: 1065.685 | G6: 167.51 | H6: 1164 | I6: 373 | J6: 410.8701 | K6: 506.695 | L6: 41.26 | M6: 115.82 | N6: 77.4 | O6: 304.19 | P6: 165.8
A7: 46303.333 | B7: 613.2815 | C7: 234.02 | D7: 367.2599 | E7: 633.715 | F7: 1061.51 | G7: 167.57 | H7: 1164.23 | I7: 373.5 | J7: 410.85 | K7: 507.62 | L7: 41.27 | M7: 115.95 | N7: 77.37 | O7: 302.745 | P7: 165
A8: 46303.337 | B8: 616.2532 | C8: 234.88 | D8: 368.1707 | E8: 636.8 | F8: 1063.8862 | G8: 166.615 | H8: 1153 | I8: 371.89 | J8: 409.57 | K8: 503.27 | L8: 41.19 | M8: 115.62 | N8: 77.16 | O8: 303.45 | P8: 165.42
A9: 46303.34 | B9: 617.905 | C9: 235.8172 | D9: 368.28 | E9: 639.16 | F9: 1066.73 | G9: 166.0306 | H9: 1149.74 | I9: 370.43 | J9: 408.485 | K9: 503.515 | L9: 41.195 | M9: 115.69 | N9: 77.22 | O9: 302.9934 | P9: 165.26
A10: 46303.344 | B10: 617.53 | C10: 236.036 | D10: 368.44 | E10: 636.36 | F10: 1066.9192 | G10: 166.165 | H10: 1149.63 | I10: 371.5 | J10: 411.32 | K10: 505.67 | L10: 41.135 | M10: 115.37 | N10: 77.19 | O10: 301.925 | P10: 165.66
A11: 46303.347 | B11: 619.1 | C11: 235.98 | D11: 369.6625 | E11: 637.53 | F11: 1068.76 | G11: 165.66 | H11: 1143.48 | I11: 370.54 | J11: 411.845 | K11: 501.02 | L11: 41.165 | M11: 115.34 | N11: 77.08 | O11: 305.47 | P11: 166.8
A12: 46303.351 | B12: 621.02 | C12: 236.678 | D12: 370.77 | E12: 640.57 | F12: 1073.35 | G12: 165.595 | H12: 1137.35 | I12: 369.6 | J12: 411.23 | K12: 500.54 | L12: 41.175 | M12: 115.33 | N12: 77.03 | O12: 305.2 | P12: 166.38
A13: 46303.354 | B13: 622.6907 | C13: 236.97 | D13: 371.9516 | E13: 642.775 | F13: 1074.2447 | G13: 165.32 | H13: 1133.87 | I13: 368.99 | J13: 411.6022 | K13: 501.2139 | L13: 41.18 | M13: 115.36 | N13: 77.04 | O13: 305.3 | P13: 166.29
... A157: 46304.583 | B157: 603.2798 | C157: 229.35 | D157: 361.49 | E157: 607.94 | F157: 1028.79 | G157: 170.765 | H157: 1178.61 | I157: 379.48 | J157: 423.98 | K157: 509.98 | L157: 41.39 | M157: 116.66 | N157: 77.37 | O157: 298.1 | P157: 161.46

Sheet Rend_5min
A1: Fecha_hora | B1: SMH | C1: NVDA | D1: AVGO | E1: AMD | F1: MU | G1: XLV | H1: LLY | I1: UNH | J1: ISRG | K1: VRTX | L1: XLU | M1: DUK | N1: NEE | O1: CEG | P1: VST
A2: =Precios_5min!A2 -> 46303.316
A3: =Precios_5min!A3 -> 46303.319 | B3: =IF(INT(Precios_5min!$A3)<>INT(Precios_5min!$A2),"",Precios_5min!B3/Precios_5min!B2-1) -> -0.00049813621 | C3: =IF(INT(Precios_5min!$A3)<>INT(Precios_5min!$A2),"",Precios_5min!C3/Precios_5min!C2-1) -> 0.00053299222 | D3: =IF(INT(Precios_5min!$A3)<>INT(Precios_5min!$A2),"",Precios_5min!D3/Precios_5min!D2-1) -> -0.0011479816 | E3: =IF(INT(Precios_5min!$A3)<>INT(Precios_5min!$A2),"",Precios_5min!E3/Precios_5min!E2-1) -> -0.0037119874 | F3: =IF(INT(Precios_5min!$A3)<>INT(Precios_5min!$A2),"",Precios_5min!F3/Precios_5min!F2-1) -> -0.0083264177 | G3: =IF(INT(Precios_5min!$A3)<>INT(Precios_5min!$A2),"",Precios_5min!G3/Precios_5min!G2-1) -> -0.0033682077 | H3: =IF(INT(Precios_5min!$A3)<>INT(Precios_5min!$A2),"",Precios_5min!H3/Precios_5min!H2-1) -> -0.0042183644 | I3: =IF(INT(Precios_5min!$A3)<>INT(Precios_5min!$A2),"",Precios_5min!I3/Precios_5min!I2-1) -> 0.0007910862 | ... P3: =IF(INT(Precios_5min!$A3)<>INT(Precios_5min!$A2),"",Precios_5min!P3/Precios_5min!P2-1) -> 0.0052794466
A4: =Precios_5min!A4 -> 46303.323 | B4: =IF(INT(Precios_5min!$A4)<>INT(Precios_5min!$A3),"",Precios_5min!B4/Precios_5min!B3-1) -> -0.0016898348 | C4: =IF(INT(Precios_5min!$A4)<>INT(Precios_5min!$A3),"",Precios_5min!C4/Precios_5min!C3-1) -> -0.0015533774 | D4: =IF(INT(Precios_5min!$A4)<>INT(Precios_5min!$A3),"",Precios_5min!D4/Precios_5min!D3-1) -> -0.0037480732 | E4: =IF(INT(Precios_5min!$A4)<>INT(Precios_5min!$A3),"",Precios_5min!E4/Precios_5min!E3-1) -> 0.00070892936 | F4: =IF(INT(Precios_5min!$A4)<>INT(Precios_5min!$A3),"",Precios_5min!F4/Precios_5min!F3-1) -> -0.0027801798 | G4: =IF(INT(Precios_5min!$A4)<>INT(Precios_5min!$A3),"",Precios_5min!G4/Precios_5min!G3-1) -> -0.00047852614 | H4: =IF(INT(Precios_5min!$A4)<>INT(Precios_5min!$A3),"",Precios_5min!H4/Precios_5min!H3-1) -> -0.0026240642 | I4: =IF(INT(Precios_5min!$A4)<>INT(Precios_5min!$A3),"",Precios_5min!I4/Precios_5min!I3-1) -> 0.00089764202 | ... P4: =IF(INT(Precios_5min!$A4)<>INT(Precios_5min!$A3),"",Precios_5min!P4/Precios_5min!P3-1) -> 0.004406616
A5: =Precios_5min!A5 -> 46303.326 | B5: =IF(INT(Precios_5min!$A5)<>INT(Precios_5min!$A4),"",Precios_5min!B5/Precios_5min!B4-1) -> -8.1254571e-05 | C5: =IF(INT(Precios_5min!$A5)<>INT(Precios_5min!$A4),"",Precios_5min!C5/Precios_5min!C4-1) -> 0.00027530513 | D5: =IF(INT(Precios_5min!$A5)<>INT(Precios_5min!$A4),"",Precios_5min!D5/Precios_5min!D4-1) -> -0.0014223515 | E5: =IF(INT(Precios_5min!$A5)<>INT(Precios_5min!$A4),"",Precios_5min!E5/Precios_5min!E4-1) -> -0.00024401379 | F5: =IF(INT(Precios_5min!$A5)<>INT(Precios_5min!$A4),"",Precios_5min!F5/Precios_5min!F4-1) -> 0.0024709085 | G5: =IF(INT(Precios_5min!$A5)<>INT(Precios_5min!$A4),"",Precios_5min!G5/Precios_5min!G4-1) -> 0.0020945542 | H5: =IF(INT(Precios_5min!$A5)<>INT(Precios_5min!$A4),"",Precios_5min!H5/Precios_5min!H4-1) -> 0.004608493 | I5: =IF(INT(Precios_5min!$A5)<>INT(Precios_5min!$A4),"",Precios_5min!I5/Precios_5min!I4-1) -> 0.0032527072 | ... P5: =IF(INT(Precios_5min!$A5)<>INT(Precios_5min!$A4),"",Precios_5min!P5/Precios_5min!P4-1) -> 0.012681051
A6: =Precios_5min!A6 -> 46303.33 | B6: =IF(INT(Precios_5min!$A6)<>INT(Precios_5min!$A5),"",Precios_5min!B6/Precios_5min!B5-1) -> -0.0045506257 | C6: =IF(INT(Precios_5min!$A6)<>INT(Precios_5min!$A5),"",Precios_5min!C6/Precios_5min!C5-1) -> -0.0017068487 | D6: =IF(INT(Precios_5min!$A6)<>INT(Precios_5min!$A5),"",Precios_5min!D6/Precios_5min!D5-1) -> -0.0036661411 | E6: =IF(INT(Precios_5min!$A6)<>INT(Precios_5min!$A5),"",Precios_5min!E6/Precios_5min!E5-1) -> -0.0028265268 | F6: =IF(INT(Precios_5min!$A6)<>INT(Precios_5min!$A5),"",Precios_5min!F6/Precios_5min!F5-1) -> -0.0087849841 | G6: =IF(INT(Precios_5min!$A6)<>INT(Precios_5min!$A5),"",Precios_5min!G6/Precios_5min!G5-1) -> 0.00035831592 | H6: =IF(INT(Precios_5min!$A6)<>INT(Precios_5min!$A5),"",Precios_5min!H6/Precios_5min!H5-1) -> -0.0037914124 | I6: =IF(INT(Precios_5min!$A6)<>INT(Precios_5min!$A5),"",Precios_5min!I6/Precios_5min!I5-1) -> -0.0046697799 | ... P6: =IF(INT(Precios_5min!$A6)<>INT(Precios_5min!$A5),"",Precios_5min!P6/Precios_5min!P5-1) -> -0.016023739
A7: =Precios_5min!A7 -> 46303.333 | B7: =IF(INT(Precios_5min!$A7)<>INT(Precios_5min!$A6),"",Precios_5min!B7/Precios_5min!B6-1) -> 0.0012759184 | C7: =IF(INT(Precios_5min!$A7)<>INT(Precios_5min!$A6),"",Precios_5min!C7/Precios_5min!C6-1) -> 0.00029920923 | D7: =IF(INT(Precios_5min!$A7)<>INT(Precios_5min!$A6),"",Precios_5min!D7/Precios_5min!D6-1) -> 0.0019878248 | E7: =IF(INT(Precios_5min!$A7)<>INT(Precios_5min!$A6),"",Precios_5min!E7/Precios_5min!E6-1) -> 0.00071850425 | F7: =IF(INT(Precios_5min!$A7)<>INT(Precios_5min!$A6),"",Precios_5min!F7/Precios_5min!F6-1) -> -0.003917668 | G7: =IF(INT(Precios_5min!$A7)<>INT(Precios_5min!$A6),"",Precios_5min!G7/Precios_5min!G6-1) -> 0.00035818757 | H7: =IF(INT(Precios_5min!$A7)<>INT(Precios_5min!$A6),"",Precios_5min!H7/Precios_5min!H6-1) -> 0.0001975945 | I7: =IF(INT(Precios_5min!$A7)<>INT(Precios_5min!$A6),"",Precios_5min!I7/Precios_5min!I6-1) -> 0.0013404826 | ... P7: =IF(INT(Precios_5min!$A7)<>INT(Precios_5min!$A6),"",Precios_5min!P7/Precios_5min!P6-1) -> -0.0048250905
A8: =Precios_5min!A8 -> 46303.337 | B8: =IF(INT(Precios_5min!$A8)<>INT(Precios_5min!$A7),"",Precios_5min!B8/Precios_5min!B7-1) -> 0.0048455725 | C8: =IF(INT(Precios_5min!$A8)<>INT(Precios_5min!$A7),"",Precios_5min!C8/Precios_5min!C7-1) -> 0.0036748996 | D8: =IF(INT(Precios_5min!$A8)<>INT(Precios_5min!$A7),"",Precios_5min!D8/Precios_5min!D7-1) -> 0.0024799876 | E8: =IF(INT(Precios_5min!$A8)<>INT(Precios_5min!$A7),"",Precios_5min!E8/Precios_5min!E7-1) -> 0.0048681189 | F8: =IF(INT(Precios_5min!$A8)<>INT(Precios_5min!$A7),"",Precios_5min!F8/Precios_5min!F7-1) -> 0.0022385093 | G8: =IF(INT(Precios_5min!$A8)<>INT(Precios_5min!$A7),"",Precios_5min!G8/Precios_5min!G7-1) -> -0.0056991108 | H8: =IF(INT(Precios_5min!$A8)<>INT(Precios_5min!$A7),"",Precios_5min!H8/Precios_5min!H7-1) -> -0.0096458604 | I8: =IF(INT(Precios_5min!$A8)<>INT(Precios_5min!$A7),"",Precios_5min!I8/Precios_5min!I7-1) -> -0.0043105756 | ... P8: =IF(INT(Precios_5min!$A8)<>INT(Precios_5min!$A7),"",Precios_5min!P8/Precios_5min!P7-1) -> 0.0025454545
A9: =Precios_5min!A9 -> 46303.34 | B9: =IF(INT(Precios_5min!$A9)<>INT(Precios_5min!$A8),"",Precios_5min!B9/Precios_5min!B8-1) -> 0.0026803918 | C9: =IF(INT(Precios_5min!$A9)<>INT(Precios_5min!$A8),"",Precios_5min!C9/Precios_5min!C8-1) -> 0.0039901226 | D9: =IF(INT(Precios_5min!$A9)<>INT(Precios_5min!$A8),"",Precios_5min!D9/Precios_5min!D8-1) -> 0.00029687316 | E9: =IF(INT(Precios_5min!$A9)<>INT(Precios_5min!$A8),"",Precios_5min!E9/Precios_5min!E8-1) -> 0.0037060302 | F9: =IF(INT(Precios_5min!$A9)<>INT(Precios_5min!$A8),"",Precios_5min!F9/Precios_5min!F8-1) -> 0.0026730303 | G9: =IF(INT(Precios_5min!$A9)<>INT(Precios_5min!$A8),"",Precios_5min!G9/Precios_5min!G8-1) -> -0.0035074873 | H9: =IF(INT(Precios_5min!$A9)<>INT(Precios_5min!$A8),"",Precios_5min!H9/Precios_5min!H8-1) -> -0.0028274068 | I9: =IF(INT(Precios_5min!$A9)<>INT(Precios_5min!$A8),"",Precios_5min!I9/Precios_5min!I8-1) -> -0.0039258921 | ... P9: =IF(INT(Precios_5min!$A9)<>INT(Precios_5min!$A8),"",Precios_5min!P9/Precios_5min!P8-1) -> -0.00096723492
A10: =Precios_5min!A10 -> 46303.344 | B10: =IF(INT(Precios_5min!$A10)<>INT(Precios_5min!$A9),"",Precios_5min!B10/Precios_5min!B9-1) -> -0.00060688941 | C10: =IF(INT(Precios_5min!$A10)<>INT(Precios_5min!$A9),"",Precios_5min!C10/Precios_5min!C9-1) -> 0.00092783732 | D10: =IF(INT(Precios_5min!$A10)<>INT(Precios_5min!$A9),"",Precios_5min!D10/Precios_5min!D9-1) -> 0.00043445205 | E10: =IF(INT(Precios_5min!$A10)<>INT(Precios_5min!$A9),"",Precios_5min!E10/Precios_5min!E9-1) -> -0.0043807497 | F10: =IF(INT(Precios_5min!$A10)<>INT(Precios_5min!$A9),"",Precios_5min!F10/Precios_5min!F9-1) -> 0.00017736447 | G10: =IF(INT(Precios_5min!$A10)<>INT(Precios_5min!$A9),"",Precios_5min!G10/Precios_5min!G9-1) -> 0.00080948934 | H10: =IF(INT(Precios_5min!$A10)<>INT(Precios_5min!$A9),"",Precios_5min!H10/Precios_5min!H9-1) -> -9.5673805e-05 | I10: =IF(INT(Precios_5min!$A10)<>INT(Precios_5min!$A9),"",Precios_5min!I10/Precios_5min!I9-1) -> 0.0028885349 | ... P10: =IF(INT(Precios_5min!$A10)<>INT(Precios_5min!$A9),"",Precios_5min!P10/Precios_5min!P9-1) -> 0.0024204284
A11: =Precios_5min!A11 -> 46303.347 | B11: =IF(INT(Precios_5min!$A11)<>INT(Precios_5min!$A10),"",Precios_5min!B11/Precios_5min!B10-1) -> 0.0025423866 | C11: =IF(INT(Precios_5min!$A11)<>INT(Precios_5min!$A10),"",Precios_5min!C11/Precios_5min!C10-1) -> -0.00023725194 | D11: =IF(INT(Precios_5min!$A11)<>INT(Precios_5min!$A10),"",Precios_5min!D11/Precios_5min!D10-1) -> 0.0033180436 | E11: =IF(INT(Precios_5min!$A11)<>INT(Precios_5min!$A10),"",Precios_5min!E11/Precios_5min!E10-1) -> 0.0018385819 | F11: =IF(INT(Precios_5min!$A11)<>INT(Precios_5min!$A10),"",Precios_5min!F11/Precios_5min!F10-1) -> 0.0017253415 | G11: =IF(INT(Precios_5min!$A11)<>INT(Precios_5min!$A10),"",Precios_5min!G11/Precios_5min!G10-1) -> -0.0030391478 | H11: =IF(INT(Precios_5min!$A11)<>INT(Precios_5min!$A10),"",Precios_5min!H11/Precios_5min!H10-1) -> -0.0053495472 | I11: =IF(INT(Precios_5min!$A11)<>INT(Precios_5min!$A10),"",Precios_5min!I11/Precios_5min!I10-1) -> -0.0025841184 | ... P11: =IF(INT(Precios_5min!$A11)<>INT(Precios_5min!$A10),"",Precios_5min!P11/Precios_5min!P10-1) -> 0.0068815647
A12: =Precios_5min!A12 -> 46303.351 | B12: =IF(INT(Precios_5min!$A12)<>INT(Precios_5min!$A11),"",Precios_5min!B12/Precios_5min!B11-1) -> 0.003101276 | C12: =IF(INT(Precios_5min!$A12)<>INT(Precios_5min!$A11),"",Precios_5min!C12/Precios_5min!C11-1) -> 0.0029578778 | D12: =IF(INT(Precios_5min!$A12)<>INT(Precios_5min!$A11),"",Precios_5min!D12/Precios_5min!D11-1) -> 0.0029959761 | E12: =IF(INT(Precios_5min!$A12)<>INT(Precios_5min!$A11),"",Precios_5min!E12/Precios_5min!E11-1) -> 0.0047684031 | F12: =IF(INT(Precios_5min!$A12)<>INT(Precios_5min!$A11),"",Precios_5min!F12/Precios_5min!F11-1) -> 0.0042946967 | G12: =IF(INT(Precios_5min!$A12)<>INT(Precios_5min!$A11),"",Precios_5min!G12/Precios_5min!G11-1) -> -0.00039236991 | H12: =IF(INT(Precios_5min!$A12)<>INT(Precios_5min!$A11),"",Precios_5min!H12/Precios_5min!H11-1) -> -0.0053608283 | I12: =IF(INT(Precios_5min!$A12)<>INT(Precios_5min!$A11),"",Precios_5min!I12/Precios_5min!I11-1) -> -0.0025368381 | ... P12: =IF(INT(Precios_5min!$A12)<>INT(Precios_5min!$A11),"",Precios_5min!P12/Precios_5min!P11-1) -> -0.0025179856
A13: =Precios_5min!A13 -> 46303.354 | B13: =IF(INT(Precios_5min!$A13)<>INT(Precios_5min!$A12),"",Precios_5min!B13/Precios_5min!B12-1) -> 0.0026902515 | C13: =IF(INT(Precios_5min!$A13)<>INT(Precios_5min!$A12),"",Precios_5min!C13/Precios_5min!C12-1) -> 0.0012337437 | D13: =IF(INT(Precios_5min!$A13)<>INT(Precios_5min!$A12),"",Precios_5min!D13/Precios_5min!D12-1) -> 0.0031868814 | E13: =IF(INT(Precios_5min!$A13)<>INT(Precios_5min!$A12),"",Precios_5min!E13/Precios_5min!E12-1) -> 0.0034422467 | F13: =IF(INT(Precios_5min!$A13)<>INT(Precios_5min!$A12),"",Precios_5min!F13/Precios_5min!F12-1) -> 0.00083355849 | G13: =IF(INT(Precios_5min!$A13)<>INT(Precios_5min!$A12),"",Precios_5min!G13/Precios_5min!G12-1) -> -0.0016606782 | H13: =IF(INT(Precios_5min!$A13)<>INT(Precios_5min!$A12),"",Precios_5min!H13/Precios_5min!H12-1) -> -0.0030597441 | I13: =IF(INT(Precios_5min!$A13)<>INT(Precios_5min!$A12),"",Precios_5min!I13/Precios_5min!I12-1) -> -0.0016504329 | ... P13: =IF(INT(Precios_5min!$A13)<>INT(Precios_5min!$A12),"",Precios_5min!P13/Precios_5min!P12-1) -> -0.0005409304
A14: =Precios_5min!A14 -> 46303.358 | B14: =IF(INT(Precios_5min!$A14)<>INT(Precios_5min!$A13),"",Precios_5min!B14/Precios_5min!B13-1) -> -0.0023618467 | C14: =IF(INT(Precios_5min!$A14)<>INT(Precios_5min!$A13),"",Precios_5min!C14/Precios_5min!C13-1) -> -0.0011571085 | D14: =IF(INT(Precios_5min!$A14)<>INT(Precios_5min!$A13),"",Precios_5min!D14/Precios_5min!D13-1) -> -0.0020610208 | E14: =IF(INT(Precios_5min!$A14)<>INT(Precios_5min!$A13),"",Precios_5min!E14/Precios_5min!E13-1) -> -0.0038271557 | F14: =IF(INT(Precios_5min!$A14)<>INT(Precios_5min!$A13),"",Precios_5min!F14/Precios_5min!F13-1) -> -0.0032624783 | G14: =IF(INT(Precios_5min!$A14)<>INT(Precios_5min!$A13),"",Precios_5min!G14/Precios_5min!G13-1) -> 0.00290346 | H14: =IF(INT(Precios_5min!$A14)<>INT(Precios_5min!$A13),"",Precios_5min!H14/Precios_5min!H13-1) -> 0.0061118118 | I14: =IF(INT(Precios_5min!$A14)<>INT(Precios_5min!$A13),"",Precios_5min!I14/Precios_5min!I13-1) -> 0.002533944 | ... P14: =IF(INT(Precios_5min!$A14)<>INT(Precios_5min!$A13),"",Precios_5min!P14/Precios_5min!P13-1) -> -0.0024054363
... A157: =Precios_5min!A157 -> 46304.583 | B157: =IF(INT(Precios_5min!$A157)<>INT(Precios_5min!$A156),"",Precios_5min!B157/Precios_5min!B156-1) -> 0.00081255495 | C157: =IF(INT(Precios_5min!$A157)<>INT(Precios_5min!$A156),"",Precios_5min!C157/Precios_5min!C156-1) -> -0.00074067619 | D157: =IF(INT(Precios_5min!$A157)<>INT(Precios_5min!$A156),"",Precios_5min!D157/Precios_5min!D156-1) -> 0.00024903154 | E157: =IF(INT(Precios_5min!$A157)<>INT(Precios_5min!$A156),"",Precios_5min!E157/Precios_5min!E156-1) -> 0.000559414 | F157: =IF(INT(Precios_5min!$A157)<>INT(Precios_5min!$A156),"",Precios_5min!F157/Precios_5min!F156-1) -> 0.00032573132 | G157: =IF(INT(Precios_5min!$A157)<>INT(Precios_5min!$A156),"",Precios_5min!G157/Precios_5min!G156-1) -> 0.00055662975 | H157: =IF(INT(Precios_5min!$A157)<>INT(Precios_5min!$A156),"",Precios_5min!H157/Precios_5min!H156-1) -> 0.0021341723 | I157: =IF(INT(Precios_5min!$A157)<>INT(Precios_5min!$A156),"",Precios_5min!I157/Precios_5min!I156-1) -> 0.00089676637 | ... P157: =IF(INT(Precios_5min!$A157)<>INT(Precios_5min!$A156),"",Precios_5min!P157/Precios_5min!P156-1) -> 0.0023590762
